id,title,summary,region,topic,urgency,confidence,link,source,published,analyzed_at
e8d9f5ed95db,Watch: Trump says strikes on Iran a 'spectacular military success' in address,"President Trump claimed a 'spectacular military success' in strikes against Iran.  He warned Iran against retaliation, escalating tensions in the Middle East.  This statement has significant geopolitical implications and raises concerns about further military action.",Middle East,Geopolitics,high,medium,https://www.bbc.com/news/videos/c93k8nvdnqpo,https://feeds.bbci.co.uk/news/world/rss.xml,"Sun, 22 Jun 2025 02:52:36 GMT",2025-06-21T23:58:34
9bfafdc9c862,Trump's Iran gamble fraught with risk - at home and abroad,"The article highlights the potential risks associated with Trump's actions regarding Iran, including the possibility of retaliation against US troops and internal political dissent.  The situation poses significant geopolitical risks and may lead to heightened tensions in the Middle East.","Middle East, North America","Geopolitics, Military",Medium,Medium,https://www.bbc.com/news/articles/cvg86pd63j8o,https://feeds.bbci.co.uk/news/world/rss.xml,"Sun, 22 Jun 2025 03:36:18 GMT",2025-06-21T23:58:36
e45ceef27255,What we know about US strikes on Iran's nuclear facilities,"Reports indicate that the United States conducted airstrikes on three Iranian nuclear facilities, including the Fordo uranium enrichment plant.  The incident carries significant geopolitical implications and raises concerns about regional stability and potential escalation.",Middle East,Geopolitics,high,medium,https://www.bbc.com/news/articles/cvg9r4q99g4o,https://feeds.bbci.co.uk/news/world/rss.xml,"Sun, 22 Jun 2025 02:55:49 GMT",2025-06-21T23:58:40
2a411cdd0129,Israel says it killed Iran's military co-ordinator with Hamas,"Israel claims to have killed Saeed Izadi, the Iranian Revolutionary Guards Corps' military coordinator with Hamas.  This action escalates tensions in the Middle East and could trigger further conflict. The reliability of the claim depends on further verification.",Middle East,Military,high,medium,https://www.bbc.com/news/articles/cn9yxrxwzzzo,https://feeds.bbci.co.uk/news/world/rss.xml,"Sat, 21 Jun 2025 13:20:24 GMT",2025-06-21T23:58:44
9f2ddde8b23e,Hot air balloon incident kills eight in Brazil,A hot air balloon accident in Brazil resulted in eight fatalities.  A fire onboard reportedly caused the pilot to attempt an emergency landing.  The incident highlights potential safety risks associated with hot air balloon tourism.,South America,Disasters,low,medium,https://www.bbc.com/news/articles/c17w04wxwpxo,https://feeds.bbci.co.uk/news/world/rss.xml,"Sat, 21 Jun 2025 23:26:02 GMT",2025-06-21T23:58:48
b7b4c72398bc,Nigerian communities to take Shell to high court over oil pollution,"Residents of Bille and Ogale in the Niger Delta, Nigeria, are suing Shell and a subsidiary for oil pollution, with the trial set for 2027.  The case involves significant environmental damage and highlights ongoing tensions between multinational corporations and local communities in the region. The outcome could have implications for future environmental litigation against oil companies.",Africa,Economics,Medium,Medium,https://www.theguardian.com/environment/2025/jun/20/nigerian-communities-shell-high-court-oil-pollution,https://www.theguardian.com/world/rss,"Fri, 20 Jun 2025 14:06:21 GMT",2025-06-21T23:58:52
01ff0d93cbc3,Ordinary Zambians lose out twice: to global looting and local corruption | Letters,"The Guardian article highlights significant illicit financial flows from Zambia due to multinational corporations exploiting its resources in concert with corrupt insiders.  This results in billions of dollars in lost revenue for Zambia, dwarfing US aid cuts.  The authors argue that the US aid cut justification is misleading given the larger scale of the problem.",Africa,Economics,medium,medium,https://www.theguardian.com/world/2025/jun/19/ordinary-zambians-lose-out-twice-to-global-looting-and-local-corruption,https://www.theguardian.com/world/rss,"Thu, 19 Jun 2025 16:57:35 GMT",2025-06-21T23:58:56
4fe848d81ee4,Woman dies of rabies in Yorkshire after contact with dog in Morocco,"A British woman, Yvonne Ford, died from rabies in Yorkshire after contact with a stray dog in Morocco.  This highlights the risk of rabies exposure from animal contact in some regions and the need for preventative measures like vaccination. The UKHSA confirmed the diagnosis.","Europe, Africa",Health,medium,high,https://www.theguardian.com/uk-news/2025/jun/18/person-dies-of-rabies-in-yorkshire-after-contact-with-dog-in-morocco,https://www.theguardian.com/world/rss,"Wed, 18 Jun 2025 15:04:31 GMT",2025-06-21T23:59:00
6be0c611b312,Discarded clothes from UK brands dumped in protected Ghana wetlands,Analysis failed for: Discarded clothes from UK brands dumped in protected Ghana wetlands,Global,Technology,medium,low,https://www.theguardian.com/world/2025/jun/18/discarded-clothes-from-uk-brands-dumped-in-protected-ghana-wetlands,https://www.theguardian.com/world/rss,"Wed, 18 Jun 2025 05:00:04 GMT",2025-06-21T23:59:03
cd8677c8f6e4,Female baboons with strong relationship to fathers found to live longer,Analysis failed for: Female baboons with strong relationship to fathers found to live longer,Global,Technology,medium,low,https://www.theguardian.com/world/2025/jun/18/female-baboons-strong-relationship-fathers-live-longer,https://www.theguardian.com/world/rss,"Tue, 17 Jun 2025 23:01:00 GMT",2025-06-21T23:59:07
1c56198bd5e7,Trump says U.S. 'completely and totally obliterated' nuclear facilities in Iran,Analysis failed for: Trump says U.S. 'completely and totally obliterated' nuclear facilities in Iran,Global,Technology,medium,low,https://www.npr.org/2025/06/21/nx-s1-5441127/iran-us-strike-nuclear-trump,https://feeds.npr.org/1004/rss.xml,"Sat, 21 Jun 2025 20:04:55 -0400",2025-06-21T23:59:11
6e5fa12de7b9,"New podcast explores the impact of tourism on local communities, including in Antarctica","Analysis failed for: New podcast explores the impact of tourism on local communities, including in Antarctica",Global,Technology,medium,low,https://www.npr.org/2025/06/21/nx-s1-5429797/new-podcast-explores-the-impact-of-tourism-on-local-communities-including-in-antarctica,https://feeds.npr.org/1004/rss.xml,"Sat, 21 Jun 2025 18:05:30 -0400",2025-06-21T23:59:15
c9287211155b,Is diplomacy with Iran possible right now?,Analysis failed for: Is diplomacy with Iran possible right now?,Global,Technology,medium,low,https://www.npr.org/2025/06/21/nx-s1-5440516/is-diplomacy-with-iran-possible-right-now,https://feeds.npr.org/1004/rss.xml,"Sat, 21 Jun 2025 17:34:43 -0400",2025-06-21T23:59:19
63a8044cc1b3,"Day after day, Palestinians in Gaza risk harrowing journey in desperate search for food","Analysis failed for: Day after day, Palestinians in Gaza risk harrowing journey in desperate search for food",Global,Technology,medium,low,https://www.npr.org/2025/06/21/nx-s1-5441051/gaza-residents-food-search,https://feeds.npr.org/1004/rss.xml,"Sat, 21 Jun 2025 11:18:57 -0400",2025-06-21T23:59:23
70619a9fd9c3,"8 people killed, 13 injured after hot-air balloon catches fire and falls in Brazil","Analysis failed for: 8 people killed, 13 injured after hot-air balloon catches fire and falls in Brazil",Global,Technology,medium,low,https://www.npr.org/2025/06/21/nx-s1-5441061/brazil-hot-air-balloon-crash-deaths,https://feeds.npr.org/1004/rss.xml,"Sat, 21 Jun 2025 10:51:08 -0400",2025-06-21T23:59:27
722e9b38a72a,Top 10 AI Tools That Will Transform Your Content Creation in 2025,Analysis failed for: Top 10 AI Tools That Will Transform Your Content Creation in 2025,Global,Technology,medium,low,https://techncruncher.blogspot.com/2025/01/top-10-ai-tools-that-will-transform.html,https://feeds.feedburner.com/techcrunch,"Thu, 02 Jan 2025 09:26:00 +0000",2025-06-21T23:59:31
eea811c4f007,"LimeWire AI Studio Review 2023: Details, Pricing & Features","Analysis failed for: LimeWire AI Studio Review 2023: Details, Pricing & Features",Global,Technology,medium,low,https://techncruncher.blogspot.com/2023/12/limewire-ai-studio-review-2023-details.html,https://feeds.feedburner.com/techcrunch,"Tue, 12 Dec 2023 16:10:00 +0000",2025-06-21T23:59:35
440ed936c056,Top 10 AI Tools in 2023 That Will Make Your Life Easier,"The article lists ten popular AI tools (ChatGPT, DALL-E, Lumen5, Grammarly, OpenAI Codex, Tabnine, Jasper AI, Surfer SEO, Zapier, and Compose AI), highlighting their capabilities and limitations.  These tools span various applications, from content creation and SEO optimization to code generation and image synthesis, suggesting broad technological advancements and potential societal impacts. The analysis focuses on the functionalities and uses of these AI tools rather than on specific geographic impacts or security threats.",Global,Technology,Low,Medium,https://techncruncher.blogspot.com/2023/01/top-10-ai-tools-in-2023-that-will-make.html,https://feeds.feedburner.com/techcrunch,"Wed, 25 Jan 2023 19:52:00 +0000",2025-06-21T23:59:41
7301f7423652,Top 10 AI Content Generator & Writer Tools in 2022,"The article reviews ten AI content generation tools available in 2022, assessing their features, pros, cons, and pricing.  The analysis highlights the increasing accessibility and affordability of AI-driven content creation, impacting various sectors.  Affiliate links suggest a potential revenue model for the author.",Global,Technology,Low,Medium,https://techncruncher.blogspot.com/2022/11/top-10-ai-content-generator-writer.html,https://feeds.feedburner.com/techcrunch,"Tue, 15 Nov 2022 08:58:00 +0000",2025-06-21T23:59:45
55a0a150d406,Beginner Guide to CJ Affiliate (Commission Junction) in 2022,"The article is a beginner's guide to CJ Affiliate (Commission Junction), an affiliate marketing platform.  It details how the platform works for both advertisers and publishers, outlining requirements, popular programs, and alternatives. The geographic scope is primarily North America (US and Canada).",North America,Technology,low,high,https://techncruncher.blogspot.com/2022/09/cj-affiliate-ultimate-guide-to.html,https://feeds.feedburner.com/techcrunch,"Sat, 10 Sep 2022 08:57:00 +0000",2025-06-21T23:59:48
e67220d54ef7,"Psyche keeps its date with an asteroid, but now it’s running in backup mode","NASA's Psyche mission to a metal-rich asteroid is continuing, but is now using a backup fuel line due to an unspecified issue.  This impacts the mission timeline and potentially data collection capabilities. The problem is contained to the spacecraft and its operations.",Global,Technology,low,medium,https://arstechnica.com/space/2025/06/psyche-keeps-its-date-with-an-asteroid-but-now-its-running-in-backup-mode/,https://feeds.arstechnica.com/arstechnica/index,"Sat, 21 Jun 2025 18:10:03 +0000",2025-06-21T23:59:52
4b95639bdffc,New body size database for marine animals is a “library of life”,"A new database, Marine Organizational Body Size (MOBS), has been created, compiling data on the body sizes of marine animals. This resource is expected to significantly advance research on ocean biodiversity and ecosystem health, potentially impacting fields like conservation and fisheries management.",Global,Technology,low,medium,https://arstechnica.com/science/2025/06/new-body-size-database-for-marine-animals-is-a-library-of-life/,https://feeds.arstechnica.com/arstechnica/index,"Sat, 21 Jun 2025 17:03:52 +0000",2025-06-21T23:59:56
1b003cf9c215,How a data center company uses stranded renewable energy,"The article highlights a business opportunity where data centers utilize excess renewable energy, potentially reducing energy costs and carbon footprint.  The geographic scope is not specified, impacting areas with surplus renewable energy and data center infrastructure. This presents both economic and environmental opportunities.",Global,"Technology, Economics",low,medium,https://arstechnica.com/science/2025/06/how-a-data-center-company-uses-stranded-renewable-energy/,https://feeds.arstechnica.com/arstechnica/index,"Sat, 21 Jun 2025 11:18:54 +0000",2025-06-22T00:00:00
76e6db2b8687,A shark scientist reflects on Jaws at 50,"An Ars Technica article interviews marine biologist David Shiffman about the 50th anniversary of the film Jaws, exploring its impact on public perception of sharks.  The article doesn't directly address security or intelligence issues, but rather focuses on the legacy of the film's influence on shark conservation and public fear.",Global,Health,low,high,https://arstechnica.com/science/2025/06/a-shark-scientist-reflects-on-jaws-at-50/,https://feeds.arstechnica.com/arstechnica/index,"Fri, 20 Jun 2025 19:50:32 +0000",2025-06-22T00:00:04
32cd4962048b,Record DDoS pummels site with once-unimaginable 7.3Tbps of junk traffic,"A record-breaking 7.3Tbps Distributed Denial-of-Service (DDoS) attack overwhelmed an unnamed website, showcasing a significant advancement in attack capabilities.  The sheer scale of the attack highlights the increasing sophistication and potential for disruption of large-scale online services.",Global,Cybersecurity,High,Medium,https://arstechnica.com/security/2025/06/record-ddos-pummels-site-with-once-unimaginable-7-3tbps-of-junk-traffic/,https://feeds.arstechnica.com/arstechnica/index,"Fri, 20 Jun 2025 19:04:22 +0000",2025-06-22T00:00:08
711b2b9c05d5,Watch: Trump says strikes on Iran a 'spectacular military success' in address,"US President Trump claimed a ""spectacular military success"" in strikes against Iran.  He warned Iran against retaliation, escalating tensions in the Middle East. This statement raises concerns about potential further conflict and Iranian response.",Middle East,Geopolitics,high,medium,https://www.bbc.com/news/videos/c93k8nvdnqpo,https://feeds.bbci.co.uk/news/world/rss.xml,"Sun, 22 Jun 2025 02:52:36 GMT",2025-06-21T23:58:35
aae5a18595c0,Trump's Iran gamble fraught with risk - at home and abroad,"The article highlights the potential risks associated with Trump's actions towards Iran, including retaliatory attacks against US troops and internal political dissent.  The situation carries significant geopolitical implications, potentially escalating tensions in the Middle East.",Middle East,Geopolitics,Medium,Medium,https://www.bbc.com/news/articles/cvg86pd63j8o,https://feeds.bbci.co.uk/news/world/rss.xml,"Sun, 22 Jun 2025 03:36:18 GMT",2025-06-21T23:58:37
7f5ccd432a33,What we know about US strikes on Iran's nuclear facilities,"Reports indicate US airstrikes targeted three Iranian nuclear facilities, including the Fordo enrichment plant.  The incident significantly escalates geopolitical tensions in the Middle East and raises concerns about regional stability and potential retaliation.",Middle East,Geopolitics,high,medium,https://www.bbc.com/news/articles/cvg9r4q99g4o,https://feeds.bbci.co.uk/news/world/rss.xml,"Sun, 22 Jun 2025 02:55:49 GMT",2025-06-21T23:58:41
30515295a3d6,Israel says it killed Iran's military co-ordinator with Hamas,"Israel claims to have assassinated Saeed Izadi, an Iranian Revolutionary Guards Corps official responsible for coordinating with Palestinian armed groups, including Hamas.  This action has significant implications for regional stability and the ongoing Iran-Israel conflict.",Middle East,Military,high,medium,https://www.bbc.com/news/articles/cn9yxrxwzzzo,https://feeds.bbci.co.uk/news/world/rss.xml,"Sat, 21 Jun 2025 13:20:24 GMT",2025-06-21T23:58:45
7cd46d2beea4,Hot air balloon incident kills eight in Brazil,A hot air balloon accident in Brazil resulted in eight fatalities.  A fire onboard the balloon forced an emergency landing attempt by the pilot.  The incident highlights potential safety risks associated with hot air balloon tourism.,South America,Disasters,low,medium,https://www.bbc.com/news/articles/c17w04wxwpxo,https://feeds.bbci.co.uk/news/world/rss.xml,"Sat, 21 Jun 2025 23:26:02 GMT",2025-06-21T23:58:49
d96e9e934379,Nigerian communities to take Shell to high court over oil pollution,"Residents of Bille and Ogale in the Niger Delta, Nigeria, are suing Shell and a subsidiary for oil pollution, with the trial set for 2027.  The case involves significant environmental damage and potential legal ramifications for Shell. The combined population affected is approximately 50,000.",Africa,Economics,Medium,Medium,https://www.theguardian.com/environment/2025/jun/20/nigerian-communities-shell-high-court-oil-pollution,https://www.theguardian.com/world/rss,"Fri, 20 Jun 2025 14:06:21 GMT",2025-06-21T23:58:53
dd2153e88fb5,Ordinary Zambians lose out twice: to global looting and local corruption | Letters,"The article highlights significant illicit financial flows and corruption in Zambia, resulting in billions of dollars in lost revenue.  Multinational corporations are implicated in this ""looting"", alongside Zambian insiders, exacerbating existing economic hardship for ordinary citizens.  US aid cuts, while criticized, are dwarfed by these much larger losses.",Africa,Economics,medium,medium,https://www.theguardian.com/world/2025/jun/19/ordinary-zambians-lose-out-twice-to-global-looting-and-local-corruption,https://www.theguardian.com/world/rss,"Thu, 19 Jun 2025 16:57:35 GMT",2025-06-21T23:58:57
d22021b78308,Woman dies of rabies in Yorkshire after contact with dog in Morocco,"A British woman, Yvonne Ford, died from rabies in Yorkshire after contracting the disease from a stray dog in Morocco. This highlights the risk of rabies exposure from animal contact in certain regions, particularly for travellers.","Europe, Africa",Health,medium,high,https://www.theguardian.com/uk-news/2025/jun/18/person-dies-of-rabies-in-yorkshire-after-contact-with-dog-in-morocco,https://www.theguardian.com/world/rss,"Wed, 18 Jun 2025 15:04:31 GMT",2025-06-21T23:59:01
142851152811,Discarded clothes from UK brands dumped in protected Ghana wetlands,Analysis failed for: Discarded clothes from UK brands dumped in protected Ghana wetlands,Global,Technology,medium,low,https://www.theguardian.com/world/2025/jun/18/discarded-clothes-from-uk-brands-dumped-in-protected-ghana-wetlands,https://www.theguardian.com/world/rss,"Wed, 18 Jun 2025 05:00:04 GMT",2025-06-21T23:59:04
aef4ceb6fc8d,Female baboons with strong relationship to fathers found to live longer,"A study suggests that female baboons with stronger relationships with their fathers live longer. This finding highlights the potentially underappreciated role of male parental involvement in primate species' lifespans, and may have implications for understanding social dynamics and longevity in primates.",Africa,Health,low,medium,https://www.theguardian.com/world/2025/jun/18/female-baboons-strong-relationship-fathers-live-longer,https://www.theguardian.com/world/rss,"Tue, 17 Jun 2025 23:01:00 GMT",2025-06-21T23:59:09
4f15735effce,Trump says U.S. 'completely and totally obliterated' nuclear facilities in Iran,Analysis failed for: Trump says U.S. 'completely and totally obliterated' nuclear facilities in Iran,Global,Technology,medium,low,https://www.npr.org/2025/06/21/nx-s1-5441127/iran-us-strike-nuclear-trump,https://feeds.npr.org/1004/rss.xml,"Sat, 21 Jun 2025 20:04:55 -0400",2025-06-21T23:59:12
3792bfb3ecea,"New podcast explores the impact of tourism on local communities, including in Antarctica","Analysis failed for: New podcast explores the impact of tourism on local communities, including in Antarctica",Global,Technology,medium,low,https://www.npr.org/2025/06/21/nx-s1-5429797/new-podcast-explores-the-impact-of-tourism-on-local-communities-including-in-antarctica,https://feeds.npr.org/1004/rss.xml,"Sat, 21 Jun 2025 18:05:30 -0400",2025-06-21T23:59:16
042ad1ad8381,Is diplomacy with Iran possible right now?,Analysis failed for: Is diplomacy with Iran possible right now?,Global,Technology,medium,low,https://www.npr.org/2025/06/21/nx-s1-5440516/is-diplomacy-with-iran-possible-right-now,https://feeds.npr.org/1004/rss.xml,"Sat, 21 Jun 2025 17:34:43 -0400",2025-06-21T23:59:20
f105848949a7,"Day after day, Palestinians in Gaza risk harrowing journey in desperate search for food","Analysis failed for: Day after day, Palestinians in Gaza risk harrowing journey in desperate search for food",Global,Technology,medium,low,https://www.npr.org/2025/06/21/nx-s1-5441051/gaza-residents-food-search,https://feeds.npr.org/1004/rss.xml,"Sat, 21 Jun 2025 11:18:57 -0400",2025-06-21T23:59:24
8e76a8775ff5,"8 people killed, 13 injured after hot-air balloon catches fire and falls in Brazil","Analysis failed for: 8 people killed, 13 injured after hot-air balloon catches fire and falls in Brazil",Global,Technology,medium,low,https://www.npr.org/2025/06/21/nx-s1-5441061/brazil-hot-air-balloon-crash-deaths,https://feeds.npr.org/1004/rss.xml,"Sat, 21 Jun 2025 10:51:08 -0400",2025-06-21T23:59:28
479ceb23b3cf,Top 10 AI Tools That Will Transform Your Content Creation in 2025,Analysis failed for: Top 10 AI Tools That Will Transform Your Content Creation in 2025,Global,Technology,medium,low,https://techncruncher.blogspot.com/2025/01/top-10-ai-tools-that-will-transform.html,https://feeds.feedburner.com/techcrunch,"Thu, 02 Jan 2025 09:26:00 +0000",2025-06-21T23:59:32
637e0a8cc5ae,"LimeWire AI Studio Review 2023: Details, Pricing & Features","LimeWire, a rebranded platform, offers AI-powered content creation tools (image, future music/video), NFT minting, and monetization options.  It targets creators globally, presenting both opportunities for content creation and potential challenges regarding copyright and the long-term viability of its crypto-based revenue model.",Global,Technology,Medium,Medium,https://techncruncher.blogspot.com/2023/12/limewire-ai-studio-review-2023-details.html,https://feeds.feedburner.com/techcrunch,"Tue, 12 Dec 2023 16:10:00 +0000",2025-06-21T23:59:37
440ed936c056,Top 10 AI Tools in 2023 That Will Make Your Life Easier,"The article lists ten popular AI tools, including ChatGPT, DALL-E, and Grammarly, highlighting their capabilities and limitations.  These tools demonstrate advancements in natural language processing, image generation, code creation, and SEO optimization, impacting various industries globally.",Global,Technology,low,medium,https://techncruncher.blogspot.com/2023/01/top-10-ai-tools-in-2023-that-will-make.html,https://feeds.feedburner.com/techcrunch,"Wed, 25 Jan 2023 19:52:00 +0000",2025-06-21T23:59:41
3dc36bb85581,Top 10 AI Content Generator & Writer Tools in 2022,"The article reviews ten AI content generation tools available in 2022, detailing their features, pros, cons, and pricing.  The review highlights a growing trend in utilizing AI for content creation across various sectors, presenting both opportunities and challenges regarding content originality and quality.",Global,Technology,low,medium,https://techncruncher.blogspot.com/2022/11/top-10-ai-content-generator-writer.html,https://feeds.feedburner.com/techcrunch,"Tue, 15 Nov 2022 08:58:00 +0000",2025-06-21T23:59:47
2f4e71813622,Beginner Guide to CJ Affiliate (Commission Junction) in 2022,"The article is a guide to CJ Affiliate (Commission Junction), an affiliate marketing platform.  It details how the platform works for both advertisers and publishers, outlining requirements, programs, and alternatives.  The geographic scope is primarily North America (US and Canada) due to traffic source restrictions.",North America,Technology,low,high,https://techncruncher.blogspot.com/2022/09/cj-affiliate-ultimate-guide-to.html,https://feeds.feedburner.com/techcrunch,"Sat, 10 Sep 2022 08:57:00 +0000",2025-06-21T23:59:50
27c7d8f9cf71,"Psyche keeps its date with an asteroid, but now it’s running in backup mode","NASA's Psyche spacecraft, en route to a metal-rich asteroid, has switched to a backup fuel line. This suggests a potential technical malfunction, impacting the mission's timeline and data collection capabilities.",Global,Technology,low,medium,https://arstechnica.com/space/2025/06/psyche-keeps-its-date-with-an-asteroid-but-now-its-running-in-backup-mode/,https://feeds.arstechnica.com/arstechnica/index,"Sat, 21 Jun 2025 18:10:03 +0000",2025-06-21T23:59:53
166a4f24c9a7,New body size database for marine animals is a “library of life”,"A new database, the Marine Organizational Body Size (MOBS), has been created, compiling data on the size of marine animals.  This resource aims to improve understanding of ocean biodiversity and ecosystem health.  The database's potential applications extend to various fields, including conservation and climate change research.",Global,Technology,low,medium,https://arstechnica.com/science/2025/06/new-body-size-database-for-marine-animals-is-a-library-of-life/,https://feeds.arstechnica.com/arstechnica/index,"Sat, 21 Jun 2025 17:03:52 +0000",2025-06-21T23:59:57
9451576ec68c,How a data center company uses stranded renewable energy,"The article highlights a business opportunity where data centers leverage stranded renewable energy sources, paying low rates for otherwise wasted power. This practice could contribute to increased reliance on renewable energy and potentially influence data center location strategies globally.",Global,Technology,low,medium,https://arstechnica.com/science/2025/06/how-a-data-center-company-uses-stranded-renewable-energy/,https://feeds.arstechnica.com/arstechnica/index,"Sat, 21 Jun 2025 11:18:54 +0000",2025-06-22T00:00:01
2472264113df,A shark scientist reflects on Jaws at 50,"An Ars Technica article interviews marine biologist David Shiffman about the 50th anniversary of the movie Jaws, exploring its impact on public perception of sharks.  The article's focus is on the film's legacy, both positive and negative, regarding shark conservation and research. There are no direct security or intelligence implications.",Global,Health,low,high,https://arstechnica.com/science/2025/06/a-shark-scientist-reflects-on-jaws-at-50/,https://feeds.arstechnica.com/arstechnica/index,"Fri, 20 Jun 2025 19:50:32 +0000",2025-06-22T00:00:05
fa833fa3f377,Record DDoS pummels site with once-unimaginable 7.3Tbps of junk traffic,"A record-breaking 7.3 Tbps Distributed Denial-of-Service (DDoS) attack overwhelmed an unnamed website, highlighting the escalating capabilities of cyberattackers and the vulnerability of online infrastructure.  The sheer scale of the attack, equivalent to thousands of high-definition movies in seconds, underscores the potential for significant disruption.",Global,Cybersecurity,High,Medium,https://arstechnica.com/security/2025/06/record-ddos-pummels-site-with-once-unimaginable-7-3tbps-of-junk-traffic/,https://feeds.arstechnica.com/arstechnica/index,"Fri, 20 Jun 2025 19:04:22 +0000",2025-06-22T00:00:09
636213738a6d,Watch: Trump says strikes on Iran a 'spectacular military success' in address,President Trump claimed US strikes on Iran were a 'spectacular military success' and warned of further attacks if Iran retaliates. This statement raises concerns about escalating tensions in the Middle East and the potential for further military conflict.,Middle East,Geopolitics,high,medium,https://www.bbc.com/news/videos/c93k8nvdnqpo,https://feeds.bbci.co.uk/news/world/rss.xml,"Sun, 22 Jun 2025 02:52:36 GMT",2025-06-22T00:06:26
ba60555970d8,Nigerian communities to take Shell to high court over oil pollution,"Residents of Bille and Ogale in Nigeria's Niger Delta are suing Shell and its subsidiary for oil pollution, with a high court trial scheduled for 2027.  The case involves significant environmental damage and potential long-term consequences for the affected communities and Shell.",Africa,Economics,Medium,Medium,https://www.theguardian.com/environment/2025/jun/20/nigerian-communities-shell-high-court-oil-pollution,https://www.theguardian.com/world/rss,"Fri, 20 Jun 2025 14:06:21 GMT",2025-06-22T00:06:28
b49b1802a6e0,Trump says U.S. 'completely and totally obliterated' nuclear facilities in Iran,"Former President Trump claims the U.S. destroyed Iranian nuclear facilities, representing a significant escalation in the Iran-Israel conflict.  The claim's veracity is questionable given its source and lack of corroborating evidence, raising concerns about misinformation and potential miscalculation.",Middle East,Geopolitics,high,low,https://www.npr.org/2025/06/21/nx-s1-5441127/iran-us-strike-nuclear-trump,https://feeds.npr.org/1004/rss.xml,"Sat, 21 Jun 2025 20:04:55 -0400",2025-06-22T00:06:32
b8f363e9f88e,Top 10 AI Tools That Will Transform Your Content Creation in 2025,"The article lists ten AI tools predicted to transform content creation in 2025, including tools for text generation, image creation, video editing, and voice synthesis.  These tools offer both opportunities for increased efficiency and potential threats related to misinformation and automation of tasks previously done by humans.",Global,Technology,Medium,Medium,https://techncruncher.blogspot.com/2025/01/top-10-ai-tools-that-will-transform.html,https://feeds.feedburner.com/techcrunch,"Thu, 02 Jan 2025 09:26:00 +0000",2025-06-22T00:06:37
f229456a82c4,Live updates: US intervenes in war between Israel and Iran by striking 3 Iranian nuclear sites - AP News,"Multiple news sources report a US military intervention in an ongoing conflict between Israel and Iran, involving strikes on three Iranian nuclear sites.  This escalates regional tensions significantly and has major global security implications.",Middle East,"Geopolitics, Military",high,medium,https://news.google.com/rss/articles/CBMiW0FVX3lxTE1SVmZ5bVBYWXg5V21IdHpzOVliYVMtMFpIakZ2aDdmTXpTOUhqZ3NNNU5ZbC02cEJUMHZTTDFZcnQ2aHdSeTI5ZlZkMzFXNmlURzlLVFBNZnlmVzA?oc=5,https://news.google.com/rss,"Sun, 22 Jun 2025 04:43:00 GMT",2025-06-22T00:06:40
264bb20cb96d,Watch: Trump says strikes on Iran a 'spectacular military success' in address,President Trump claimed US strikes on Iran were a 'spectacular military success' and warned of further attacks if Iran retaliates. This statement increases geopolitical tensions in the Middle East and raises concerns about potential escalation.,Middle East,Geopolitics,high,medium,https://www.bbc.com/news/videos/c93k8nvdnqpo,https://feeds.bbci.co.uk/news/world/rss.xml,"Sun, 22 Jun 2025 02:52:36 GMT",2025-06-22T00:11:31
277b24e4549b,Nigerian communities to take Shell to high court over oil pollution,"Residents of Bille and Ogale in the Niger Delta, Nigeria, are suing Shell and its subsidiary for oil pollution, with the trial set for 2027.  The case involves significant environmental damage and potential legal ramifications for Shell.  The communities affected have a combined population of approximately 50,000.",Africa,Economics,Medium,Medium,https://www.theguardian.com/environment/2025/jun/20/nigerian-communities-shell-high-court-oil-pollution,https://www.theguardian.com/world/rss,"Fri, 20 Jun 2025 14:06:21 GMT",2025-06-22T00:11:33
72812063d52a,Trump says U.S. 'completely and totally obliterated' nuclear facilities in Iran,"President Trump claimed the U.S. destroyed Iranian nuclear facilities, representing a significant escalation in the Iran-Israel conflict.  The claim's veracity is questionable given its source and lack of corroboration, raising concerns about potential misinformation and further regional instability.",Middle East,Geopolitics,high,low,https://www.npr.org/2025/06/21/nx-s1-5441127/iran-us-strike-nuclear-trump,https://feeds.npr.org/1004/rss.xml,"Sat, 21 Jun 2025 20:04:55 -0400",2025-06-22T00:11:36
ceacbb2f311f,Top 10 AI Tools That Will Transform Your Content Creation in 2025,"The article lists ten AI content creation tools predicted to be transformative in 2025, including ChatGPT, Canva Magic Studio, RunwayML, and Midjourney.  These tools offer features such as AI-powered writing, design, video editing, and voice generation, impacting various content creation industries globally.",Global,Technology,low,medium,https://techncruncher.blogspot.com/2025/01/top-10-ai-tools-that-will-transform.html,https://feeds.feedburner.com/techcrunch,"Thu, 02 Jan 2025 09:26:00 +0000",2025-06-22T00:11:41
7690c2a1a4ad,Live updates: US intervenes in war between Israel and Iran by striking 3 Iranian nuclear sites - AP News,"Multiple news outlets report a US military strike on three Iranian nuclear sites, escalating the conflict between the US and Iran.  This action has the potential to significantly destabilize the Middle East and trigger further military action.",Middle East,Geopolitics,high,medium,https://news.google.com/rss/articles/CBMiW0FVX3lxTE1SVmZ5bVBYWXg5V21IdHpzOVliYVMtMFpIakZ2aDdmTXpTOUhqZ3NNNU5ZbC02cEJUMHZTTDFZcnQ2aHdSeTI5ZlZkMzFXNmlURzlLVFBNZnlmVzA?oc=5,https://news.google.com/rss,"Sun, 22 Jun 2025 04:43:00 GMT",2025-06-22T00:11:44
